Model,RMSE,R2,Time,Score,Rank
GradBst,1.2578148702871426,0.9459089849860691,0.00011921522036120666,0.9536237178691322,1
Ridge,1.656183041745356,0.9146968699181791,0.0,0.7523843550396788,2
RandFor,1.2774435829652306,0.9404989487386711,0.0024358253573896873,0.23798943530513267,3
