Model,RMSE,R2,Time,Score,Rank
Ridge,1.6995126661619335,0.9065521059196581,0.0400543212890625,0.7102570113567812,1
GradBst,1.3206900582284515,0.9382262121445142,32.12930202484131,0.28974298864321874,2
RandFor,1.3670682663936216,0.9307695645954217,29.5771381855011,0.2841833895320166,3
